pod_uid,pod_name,running_time_milliseconds
fc65c8f4-9136-48d7-abd1-29c328d58567,pod-23,37642
d5acec78-a4ad-4eb8-a0ea-a389ad1fe4c8,pod-52,9104
11ea9b66-61e3-46fb-8106-f4493b042690,pod-49,28423
97814aa0-ca29-4037-855a-6c26fa103f6d,pod-64,10418
63733012-c755-4bcc-8724-1f12523f91ca,pod-56,33121
7d808c14-7d0a-48ae-8a4f-f5379d8f43a6,pod-63,98341
d1da13a0-b0be-4f53-bad3-d594fbfddd51,pod-12,32079
b71b3355-d31d-4175-960c-9003d28a839a,pod-69,60310
f8ef0229-2b93-425b-ada2-3ad60fe3ea6c,pod-48,31421
7abce496-4dbe-4ccd-8b7a-4a9da3a1d034,pod-43,22422
52bbe588-e4b8-4d7f-980a-24f8c90500fb,pod-87,10385
dae0cac4-8f75-49f7-abd6-05c4754e6363,pod-2,16491
734b7264-3766-4940-9e09-d8dd3cedc0d7,pod-14,13412
9d766e6a-47fb-4a10-a664-000193a17bc0,pod-15,24412
30e941bd-e835-4f87-8a50-c83c5ca5dd91,pod-18,42939
40f74721-9467-45f2-86e2-383237bea5d7,pod-37,24546
715a81e5-80f7-4ca8-91bd-90672c60532c,pod-38,23397
a6622722-7a6b-4dec-8bd0-8dd0ab9b868e,pod-74,9215
48256bf9-0ed4-49c3-9469-3b85b776a820,pod-51,70425
12b81e54-705b-4ae4-a048-70b83052ac72,pod-5,14458
a035fbf3-3124-4b7b-8493-1ea45bf1570e,pod-81,38270
8131430c-0d12-42b9-9842-74a601b7327d,pod-31,40661
65ad29f4-57c1-4f88-ae74-351c81d7cfc1,pod-32,36765
ddad9c29-18b9-453a-bb69-0ee42fa7d042,pod-71,38409
3e1eed1f-ae33-4c0d-80f1-266673b7a30c,pod-91,24306
7b7ed770-f817-4d36-a7bd-0450e214ff0b,pod-10,23109
47949569-2ca9-473c-b33f-5718c6d29a39,pod-46,9400
b969404a-81c7-4187-96ee-987b2c11cf16,pod-57,40193
aaf343f8-37e3-49bc-9b6b-80fd4569b933,pod-67,30207
593045a1-24eb-4652-aa99-a7fb81367471,pod-79,4261
8e262cd5-e102-498f-939e-81c08e1abbf3,pod-84,18291
f4aead0c-9f5b-4837-9a7c-611f24eae985,pod-93,34348
3d555c08-34c3-4c80-881d-bdd2c36976db,pod-19,13412
ef4167e4-3cd4-4667-9c38-9f6bd9996459,pod-40,19813
af74966e-0913-4502-97c2-5a9f7728bb12,pod-36,37520
831a0ed6-6fa1-42b3-b391-761a7a4765b8,pod-39,33845
abb3a17e-8ef0-43de-b2b1-3a501ed39752,pod-42,60137
0856df64-50ed-4197-b38d-b6fa3fbaaf1f,pod-60,36465
63d2b163-e097-41d1-8038-1ea5f2fae004,pod-30,4438
51c3f09b-f4d0-4046-9abb-d8512b758531,pod-76,10273
e4096ff7-38ba-4ad4-b665-ca846b26d23b,pod-78,19283
85e549f3-c088-46a8-8f85-964e2f3bbe69,pod-80,15394
081b0627-78c1-4ff9-a106-7e5eb409a9a6,pod-85,27396
51fe85b1-4b99-4e45-83d6-e533a011dc9a,pod-3,11495
d58963ef-9d29-420b-beab-8ffb6d48d655,pod-28,46760
09c13347-6bae-4831-852c-74e9bfaaae99,pod-47,9394
641dfe7b-7325-47e3-999c-a8e51a0e6a17,pod-68,12170
591715ec-ef45-46a4-9cc7-ab2c6e8aa328,pod-99,26381
ee3aa8ed-34c7-4364-b592-78c9c512b093,pod-0,8716
62ed0955-73d1-44b4-9ca4-dd277a4eb0a5,pod-4,40469
e065d672-42fb-45e0-83e0-328b5db5fca1,pod-20,26424
6baaefac-6970-4007-811c-31f1c9b18b38,pod-50,33404
5e39d1a1-53a1-44d9-8de0-6716b900d955,pod-59,33413
036d5d6e-500e-436a-9991-9faff8e3c148,pod-72,29409
76d36a17-9b20-47ec-b120-fc058f15e068,pod-86,26294
6f1b320a-eb86-49ff-abac-2f13e3c5e5e7,pod-95,29368
bf80ca05-a084-41b8-9e03-71e4e7b63dfa,pod-8,4433
3f3694ea-90bb-436e-b864-07703a7c57f3,pod-9,32426
0fa00f5e-3234-4b1f-b851-914154d366f8,pod-13,37111
cbe23c89-0cf5-4ee6-9be4-780123e84b86,pod-24,19401
f09b409f-7311-4068-9983-35ad3e4c6825,pod-22,40934
01352c76-0f53-4ba5-94cb-c9f4e582483b,pod-21,42435
1aa0b719-987e-4c4e-b184-f4067da3ba3e,pod-41,7397
03318bd8-cdff-4f61-857e-220b02e84c74,pod-65,14410
1c8a0e63-21b7-4a85-8497-e0fa0abbb217,pod-6,30102
69d3d29c-e4d8-4f2b-934a-1e73bf7f23f9,pod-66,29178
ae81b545-ba8f-4dac-986c-c247d113b94b,pod-88,23342
9dd74b2d-53ab-4012-910e-89cee09e7681,pod-98,36357
b9cba7fb-bde7-46b9-b842-886fb65a3935,pod-62,31176
d9a90339-39b3-4450-9f86-76bff230348b,pod-25,55419
61860b4e-d9c4-4958-a9c0-2d4e9a18bbff,pod-44,36113
9be75ddc-1204-4c27-b2d6-6c730f65bc63,pod-58,9418
f15c1991-beda-4eca-88de-ba38dff4f43b,pod-7,19576
049fb445-19e9-415d-aa38-b832c4e522e8,pod-16,43948
9c70c910-c595-4aa0-b996-5fb696dc650a,pod-33,30399
b5790005-7f2f-49b1-a7ac-0f92ce1b52f3,pod-53,25177
d9d8398c-efec-4ebf-a8a8-e866053490d2,pod-61,17447
187859c0-8b8e-42a0-9e95-256e18a4fc51,pod-70,18394
84208cbd-b46e-4f83-80d7-c76eaf443488,pod-75,32218
e21cc1f4-be92-4554-a54f-5eb9fb801292,pod-73,38381
b58876a1-eab9-4e35-b216-40fcd5067e27,pod-11,37408
3a2af08e-5c61-4c50-87d5-f454e42a559c,pod-97,5411
f8f59fc4-b488-4e0f-8a9e-d7aaebb862a9,pod-83,15377
2b16b173-26d9-4bd0-85c2-dfd4d89a8554,pod-17,26984
a2dbb009-df28-47c8-988a-77f6757919dc,pod-29,25660
23101d16-2f33-4bbb-8664-4147889e85a4,pod-55,82253
c6ce11a9-813f-471c-8c0b-66f7cb383659,pod-82,18338
f1d2f5ed-8861-4b65-95db-4781524ad632,pod-94,21341
e9ac8807-7b36-417d-b3b4-30ac13455b10,pod-96,31339
071baab1-30ce-4fcb-879a-1e4f6a4d1c8f,pod-1,8419
f38596ac-8302-4f94-b9f3-9e3952cdfec0,pod-27,30784
9be3b48c-a69d-49be-bfa3-c35144c9e268,pod-35,19664
3f343862-bf8e-48dc-a20d-d891876db856,pod-45,32137
4aff87bf-0354-43e4-b5c5-8d6826e8c6a0,pod-77,5464
3ee831d0-abaa-43b9-a4cf-2a14fa89bc56,pod-92,21310
ed4c7752-8a66-438b-82bb-b7e7987dac00,pod-26,13429
cf4af580-8239-4321-a833-502d58c922c2,pod-54,33139
c6d58aba-d324-4354-9fef-298f65535300,pod-89,5354
4c12a10c-d1ae-4def-b1dc-8ee7b692c928,pod-90,8313
1fa9cd2f-7b95-4a2d-8b48-bb1f25d65416,pod-34,65832
